code,initial_PE_2015-12-30,2015-12-31,2016-01-04,2016-01-05,2016-01-06,2016-01-07,2016-01-08,2016-01-11,2016-01-12,2016-01-13,2016-01-14,2016-01-15,2016-01-18,2016-01-19,2016-01-20,2016-01-21,2016-01-22,2016-01-25,2016-01-26,2016-01-27,2016-01-28,2016-01-29,2016-02-01,2016-02-02,2016-02-03,2016-02-04,2016-02-05,2016-02-15,2016-02-16,2016-02-17,2016-02-18,2016-02-19,2016-02-22,2016-02-23,2016-02-24,2016-02-25,2016-02-26,2016-02-29,2016-03-01,2016-03-02,2016-03-03,2016-03-04,2016-03-07,2016-03-08,2016-03-09,2016-03-10,2016-03-11,2016-03-14,2016-03-15,2016-03-16,2016-03-17,2016-03-18,2016-03-21,2016-03-22,2016-03-23,2016-03-24,2016-03-25,2016-03-28,2016-03-29,2016-03-30,2016-03-31,2016-04-01,2016-04-05,2016-04-06,2016-04-07,2016-04-08,2016-04-11,2016-04-12,2016-04-13,2016-04-14,2016-04-15,2016-04-18,2016-04-19,2016-04-20,2016-04-21,2016-04-22,2016-04-25,2016-04-26,2016-04-27,2016-04-28,2016-04-29,2016-05-03,2016-05-04,2016-05-05,2016-05-06,2016-05-09,2016-05-10,2016-05-11,2016-05-12,2016-05-13,2016-05-16,2016-05-17,2016-05-18,2016-05-19,2016-05-20,2016-05-23,2016-05-24,2016-05-25,2016-05-26,2016-05-27,2016-05-30,2016-05-31,2016-06-01,2016-06-02,2016-06-03,2016-06-06,2016-06-07,2016-06-08,2016-06-13,2016-06-14,2016-06-15,2016-06-16,2016-06-17,2016-06-20,2016-06-21,2016-06-22,2016-06-23,2016-06-24,2016-06-27,2016-06-28,2016-06-29,2016-06-30,2016-07-01,2016-07-04,2016-07-05,2016-07-06,2016-07-07,2016-07-08,2016-07-11,2016-07-12,2016-07-13,2016-07-14,2016-07-15,2016-07-18,2016-07-19,2016-07-20,2016-07-21,2016-07-22,2016-07-25,2016-07-26,2016-07-27,2016-07-28,2016-07-29,2016-08-01,2016-08-02,2016-08-03,2016-08-04,2016-08-05,2016-08-08,2016-08-09,2016-08-10,2016-08-11,2016-08-12,2016-08-15,2016-08-16,2016-08-17,2016-08-18,2016-08-19,2016-08-22,2016-08-23,2016-08-24,2016-08-25,2016-08-26,2016-08-29,2016-08-30,2016-08-31,2016-09-01,2016-09-02,2016-09-05,2016-09-06,2016-09-07,2016-09-08,2016-09-09,2016-09-12,2016-09-13,2016-09-14,2016-09-19,2016-09-20,2016-09-21,2016-09-22,2016-09-23,2016-09-26,2016-09-27,2016-09-28,2016-09-29,2016-09-30,2016-10-10,2016-10-11,2016-10-12,2016-10-13,2016-10-14,2016-10-17,2016-10-18,2016-10-19,2016-10-20,2016-10-21,2016-10-24,2016-10-25,2016-10-26,2016-10-27,2016-10-28,2016-10-31,2016-11-01,2016-11-02,2016-11-03,2016-11-04,2016-11-07,2016-11-08,2016-11-09,2016-11-10,2016-11-11,2016-11-14,2016-11-15,2016-11-16,2016-11-17,2016-11-18,2016-11-21,2016-11-22,2016-11-23,2016-11-24,2016-11-25,2016-11-28,2016-11-29,2016-11-30,2016-12-01,2016-12-02,2016-12-05,2016-12-06,2016-12-07,2016-12-08,2016-12-09,2016-12-12,2016-12-13,2016-12-14,2016-12-15,2016-12-16,2016-12-19,2016-12-20,2016-12-21,2016-12-22,2016-12-23,2016-12-26,2016-12-27,2016-12-28,2016-12-29,2016-12-30,2017-01-03,2017-01-04,2017-01-05,2017-01-06,2017-01-09,2017-01-10,2017-01-11,2017-01-12,2017-01-13,2017-01-16,2017-01-17,2017-01-18,2017-01-19,2017-01-20,2017-01-23,2017-01-24,2017-01-25,2017-01-26,2017-02-03,2017-02-06,2017-02-07,2017-02-08,2017-02-09,2017-02-10,2017-02-13,2017-02-14,2017-02-15,2017-02-16,2017-02-17,2017-02-20,2017-02-21,2017-02-22,2017-02-23,2017-02-24,2017-02-27,2017-02-28,2017-03-01,2017-03-02,2017-03-03,2017-03-06,2017-03-07,2017-03-08,2017-03-09,2017-03-10,2017-03-13,2017-03-14,2017-03-15,2017-03-16,2017-03-17,2017-03-20,2017-03-21,2017-03-22,2017-03-23,2017-03-24,2017-03-27,2017-03-28,2017-03-29,2017-03-30,2017-03-31,2017-04-05,2017-04-06,2017-04-07,2017-04-10,2017-04-11,2017-04-12,2017-04-13,2017-04-14,2017-04-17,2017-04-18,2017-04-19,2017-04-20,2017-04-21,2017-04-24,2017-04-25,2017-04-26,2017-04-27,2017-04-28,2017-05-02,2017-05-03,2017-05-04,2017-05-05,2017-05-08,2017-05-09,2017-05-10,2017-05-11,2017-05-12,2017-05-15,2017-05-16,2017-05-17,2017-05-18,2017-05-19,2017-05-22,2017-05-23,2017-05-24,2017-05-25,2017-05-26,2017-05-31,2017-06-01,2017-06-02,2017-06-05,2017-06-06,2017-06-07,2017-06-08,2017-06-09,2017-06-12,2017-06-13,2017-06-14,2017-06-15,2017-06-16,2017-06-19,2017-06-20,2017-06-21,2017-06-22,2017-06-23,2017-06-26,2017-06-27,2017-06-28,2017-06-29,2017-06-30,2017-07-03,2017-07-04,2017-07-05,2017-07-06,2017-07-07,2017-07-10,2017-07-11,2017-07-12,2017-07-13,2017-07-14,2017-07-17,2017-07-18,2017-07-19,2017-07-20,2017-07-21,2017-07-24,2017-07-25,2017-07-26,2017-07-27,2017-07-28,2017-07-31,2017-08-01,2017-08-02,2017-08-03,2017-08-04,2017-08-07,2017-08-08,2017-08-09,2017-08-10,2017-08-11,2017-08-14,2017-08-15,2017-08-16,2017-08-17,2017-08-18,2017-08-21,2017-08-22,2017-08-23,2017-08-24,2017-08-25,2017-08-28,2017-08-29,2017-08-30,2017-08-31,2017-09-01,2017-09-04,2017-09-05,2017-09-06,2017-09-07,2017-09-08,2017-09-11,2017-09-12,2017-09-13,2017-09-14,2017-09-15,2017-09-18,2017-09-19,2017-09-20,2017-09-21,2017-09-22,2017-09-25,2017-09-26,2017-09-27,2017-09-28,2017-09-29,2017-10-09,2017-10-10,2017-10-11,2017-10-12,2017-10-13,2017-10-16,2017-10-17,2017-10-18,2017-10-19,2017-10-20,2017-10-23,2017-10-24,2017-10-25,2017-10-26,2017-10-27,2017-10-30,2017-10-31,2017-11-01,2017-11-02,2017-11-03,2017-11-06,2017-11-07,2017-11-08,2017-11-09,2017-11-10,2017-11-13,2017-11-14,2017-11-15,2017-11-16,2017-11-17,2017-11-20,2017-11-21,2017-11-22,2017-11-23,2017-11-24,2017-11-27,2017-11-28,2017-11-29,2017-11-30,2017-12-01,2017-12-04,2017-12-05,2017-12-06,2017-12-07,2017-12-08,2017-12-11,2017-12-12,2017-12-13,2017-12-14,2017-12-15,2017-12-18,2017-12-19,2017-12-20,2017-12-21,2017-12-22,2017-12-25,2017-12-26,2017-12-27,2017-12-28,2017-12-29
600000.XSHG,7.01,6.9,6.72,6.78,6.84,6.61,6.61,6.44,6.59,6.57,6.77,6.64,6.68,6.71,6.52,6.26,6.43,6.43,6.29,6.3,6.26,6.38,6.23,6.33,6.27,6.53,6.94,6.97,6.97,6.97,6.97,6.801,6.97,6.97,6.97,6.97,6.97,6.97,6.97,6.97,6.97,6.97,6.97,6.97,6.97,6.97,6.41,6.37,6.43,6.81,6.69,6.74,6.82,7.22,7.21,7.05,7.06,6.94,6.94,7.11,7.13,7.23,7.23,7.15,6.87,6.84,6.86,6.84,6.89,6.91,6.95,6.92,6.95,6.98,7.04,7.08,6.94,6.96,6.94,6.95,6.92,6.68,6.66,6.66,6.53,6.45,6.44,6.43,6.42,6.35,6.37,6.36,6.47,6.39,6.43,6.47,6.47,6.51,6.52,6.54,6.61,6.74,6.7,6.64,6.64,6.64,6.64,6.63,6.55,6.56,6.54,6.56,6.55,6.58,6.55,6.59,6.37,6.19,6.21,6.19,6.28,6.31,6.45,6.46,6.4,6.34,6.31,6.26,6.25,6.34,6.4,6.36,6.37,6.39,6.38,6.38,6.42,6.34,6.36,6.38,6.43,6.36,6.36,6.4,6.38,6.35,6.32,6.38,6.38,6.4,6.42,6.5,6.61,6.85,6.75,6.73,6.65,6.64,6.63,6.63,6.63,6.61,6.61,6.56,6.63,6.66,6.63,6.66,6.67,6.63,6.66,6.71,6.7,6.63,6.65,6.63,6.65,6.65,6.65,6.68,6.66,6.66,6.66,6.66,6.67,6.67,6.69,6.7,6.67,6.64,6.65,6.58,6.61,6.58,6.59,6.59,6.66,6.64,6.6,6.55,6.59,6.5,6.51,6.47,6.53,6.55,6.56,6.58,6.57,6.62,6.63,6.63,6.63,6.63,6.63,6.63,6.65,6.66,6.76,6.75,6.83,6.87,6.89,6.85,6.85,6.83,6.91,6.88,6.82,6.85,6.93,6.99,6.86,6.86,6.67,6.65,6.6,6.5,6.52,6.47,6.47,6.49,6.45,6.43,6.42,6.47,6.51,6.6485,6.6362,6.5874,6.5955,6.5915,6.5792,6.563,6.624,6.7421,6.6770000000000005,6.7095,6.734,6.7584,6.7462,6.795,6.795,6.8154,6.7706,6.7828,6.7869,6.7869,6.8072,6.8317,6.8602,6.8195,6.8561,6.8317,6.7747,6.8846,6.8724,6.8195,6.795,6.8032,6.7543,6.7543,6.7421,6.681,6.6566,6.681,6.69,6.67,6.6,6.61,6.65,6.62,6.61,6.63,6.6,6.57,6.51,6.42,6.47,6.5,6.53,6.52,6.46,6.44,6.52,6.58,6.55,6.55,6.5,6.47,6.47,6.41,6.31,6.33,6.23,6.15,6.07,6.13,6.11,6.13,6.13,6.13,6.13,6.11,6.08,6.04,6.01,5.99,5.95,5.89,5.94,6.13,6.15,6.15,6.13,6.05,6.05,6.06,6.22,6.23,6.7746,6.7274,6.7274,6.7693,6.7536,6.7327,6.7065,6.7274,6.7274,6.7746,6.696000000000001,6.5964,6.5283,6.4864,6.4707,6.4969,6.4393,6.4655,6.586,6.6226,6.6226,6.6541,6.7012,6.6855,6.6279,6.5807,6.5755,6.6122,6.6331,6.6017,6.565,6.7065,6.7379,6.9527,7.1204,7.2095,7.0994,7.1728,7.1361,7.047000000000001,7.1623,7.0785,7.0104,7.0104,7.0575,6.9999,7.0366,7.0418,6.8532,6.7431,6.7746,6.7431,6.6855,6.7012,6.6436,6.5807,6.5964,6.544,6.565,6.5545,6.5545,6.5126,6.586,6.5336,6.696000000000001,6.7536,6.7903,6.6373,6.5548,6.5858,6.5909,6.7199,6.9806,6.9214,7.0183,6.9968,7.0237,6.9322,6.9214,6.9106,6.9537,6.9483,6.9375,6.9322,6.9429,6.9699,6.9268,6.9214,6.916,6.9322,7.0237,7.056,7.0345,7.0291,6.9699,7.0237,6.9968,7.0399,7.0722,7.0076,6.916,6.9268,6.9483,6.9052,6.9214,6.8639,6.8153,6.7774,6.772,6.7989999999999995,6.7396,6.7774,6.7989999999999995,6.7828,6.8261,6.9179,6.8099,6.8099,6.6964,6.9071,6.945,6.9936,7.1503,7.0585,7.0747,7.0801,6.9936,6.9936,6.9774,6.9774,6.9828,7.1179,7.0044,7.0044,6.9882,7.0098,6.8909,6.8855,6.8585,6.8207,6.8369,6.8909,6.8801,6.8639,6.8207,6.8044,6.8315,6.8207,6.7774,6.8044
600016.XSHG,7.46,7.62,7.14,7.21,7.23,6.8,6.88,6.69,6.7,6.68,6.71,6.7,6.71,6.77,6.78,6.69,6.72,6.73,6.61,6.73,6.74,6.79,6.72,6.71,6.67,6.69,6.67,6.69,6.78,6.77,6.79,6.7335,6.8,6.7,6.72,6.49,6.57,6.68,6.67,6.77,6.88,7.38,7.25,7.35,7.38,7.16,7.21,7.14,7.25,7.46,7.27,7.22,7.27,7.27,7.24,7.19,7.19,7.06,7.07,7.23,7.21,7.31,7.3,7.16,7.11,7.11,7.13,7.14,7.21,7.21,7.29,7.27,7.28,7.37,7.36,7.44,7.47,7.49,7.43,7.41,7.36,7.37,7.37,7.35,7.28,7.24,7.28,7.29,7.28,7.22,7.23,7.13,7.17,7.07,7.07,6.97,6.82,6.96,6.99,7.0,7.03,7.14,7.06,7.05,7.06,7.08,7.07,7.07,7.03,7.09,7.11,7.09,7.13,7.11,7.13,7.13,7.14,6.95,6.97,6.95,7.18,7.02,7.02,7.09,7.05,7.02,7.04,7.02,7.06,7.17,7.2,7.31,7.27,7.5,7.46,7.3,7.31,7.24,7.22,7.25,7.26,7.17,7.2,7.24,7.23,7.19,7.18,7.31,7.25,7.26,7.26,7.31,7.46,7.63,7.39,7.39,7.35,7.34,7.29,7.31,7.28,7.31,7.31,7.26,7.33,7.3,7.27,7.3,7.33,7.3,7.31,7.3,7.29,7.29,7.3,7.3,7.31,7.3,7.31,7.34,7.35,7.3,7.3,7.21,7.23,7.26,7.31,7.3,7.26,7.2,7.24,7.24,7.26,7.27,7.28,7.28,7.34,7.34,7.27,7.26,7.3,7.16,7.17,7.13,7.15,7.13,7.13,7.13,7.09,7.13,7.16,7.17,7.17,7.15,7.16,7.16,7.22,7.24,7.29,7.27,7.32,7.31,7.37,7.39,7.34,7.34,7.34,7.33,7.27,7.52,7.56,7.58,7.52,7.66,7.4,7.26,7.2,7.2,7.19,7.14,7.13,7.11,7.07,7.04,7.05,7.05,7.09,7.09,7.06,7.01,7.02,7.03,6.99,7.0,7.06,7.16,7.12,7.14,7.14,7.17,7.17,7.21,7.17,7.2,7.13,7.13,7.11,7.1,7.1,7.09,7.11,7.08,7.12,7.1,7.03,7.11,7.1,7.07,7.06,7.06,7.03,7.03,7.03,6.98,6.98,6.97,6.98,6.94,6.9,6.88,6.89,6.88,6.89,6.91,6.85,6.78,6.75,6.65,6.68,6.69,6.7,6.65,6.63,6.58,6.47,6.49,6.47,6.48,6.43,6.41,6.38,6.35,6.25,6.28,6.15,6.06,5.98,6.02,5.97,5.98,5.88,5.94,5.94,5.93,5.87,5.82,5.82,5.85,5.85,5.85,5.88,6.03,6.0,5.99,5.95,5.9,5.9,5.87,5.96,5.9,6.1217,6.0462,6.0613,6.0537,6.0386,5.9631,5.9858,6.0537,6.0839,6.1292,6.0764,6.1066,6.0839,6.0537,6.0613,6.1141,6.1141,6.1141,6.1443,6.1217,6.1292,6.1745,6.2424,6.2273,6.2047,6.2122,6.1669,6.1896,6.0839,6.0613,6.0688,6.1367,6.1896,6.3481,6.4538,6.484,6.4538,6.5444,6.4991,6.4462,6.5595,6.5066,6.484,6.416,6.4387,6.4915,6.5595,6.5519,6.4764,6.4613,6.4689,6.4613,6.3104,6.2953,6.1745,6.1745,6.2122,6.1669,6.2047,6.1971,6.182,6.1896,6.2198,6.182,6.3255,6.3783,6.3146,6.3221,6.2921,6.2697,6.2771,6.2921,6.2472,6.2172,6.2172,6.2397,6.2397,6.2097,6.1723,6.1648,6.1798,6.1798,6.1798,6.1648,6.1273,6.1124,6.03,6.0,5.985,6.0075,6.0824,6.1124,6.1348,6.1124,6.1198,6.1124,6.0974,6.0899,6.0449,6.0449,6.03,6.0674,6.0674,6.0824,6.1273,6.1198,6.1824,6.1452,6.1302,6.1526,6.1601,6.2346,6.2645,6.2421,6.2719,6.3018,6.2943,6.2346,6.175,6.3689,6.4062,6.4435,6.7641,6.7641,6.7865,6.794,6.5926,6.6001,6.6001,6.5852,6.5926,6.7343,6.615,6.615,6.5777,6.5255,6.3838,6.4136,6.3465,6.2943,6.3092,6.3913,6.4062,6.3987,6.3167,6.3316,6.3689,6.3092,6.257000000000001,6.257000000000001
600036.XSHG,7.86,7.74,7.44,7.41,7.45,7.17,7.23,6.9,6.88,6.83,6.84,6.66,6.64,6.76,6.68,6.58,6.58,6.66,6.39,6.45,6.33,6.45,6.33,6.39,6.31,6.4,6.39,6.31,6.43,6.47,6.41,6.4475,6.46,6.38,6.37,6.13,6.22,6.27,6.3,6.44,6.52,6.87,6.79,6.87,6.91,6.74,6.78,6.76,6.82,7.07,6.98,6.96,6.98,6.97,6.96,6.93,6.94,6.82,6.79,6.99,7.03,7.11,7.14,7.11,7.04,7.06,7.13,7.12,7.2,7.19,7.4,7.46,7.48,7.58,7.73,7.81,7.82,7.83,7.82,7.82,7.61,7.59,7.57,7.55,7.43,7.42,7.31,7.35,7.49,7.53,7.5,7.49,7.64,7.64,7.67,7.51,7.43,7.52,7.58,7.57,7.65,7.72,7.64,7.6,7.62,7.56,7.63,7.62,7.43,7.45,7.46,7.46,7.5,7.51,7.52,7.5,7.4,7.4,7.41,7.41,7.48,7.5,7.56,7.6,7.53,7.47,7.51,7.46,7.49,7.59,7.31,7.33,7.35,7.4,7.34,7.32,7.39,7.32,7.34,7.36,7.45,7.35,7.36,7.37,7.35,7.32,7.31,7.33,7.34,7.36,7.41,7.48,7.71,7.9,7.85,7.89,7.67,7.83,7.86,7.85,7.83,7.79,7.8,7.69,7.76,7.84,7.83,7.86,7.89,7.79,7.81,7.8,7.71,7.53,7.53,7.38,7.49,7.46,7.52,7.56,7.56,7.57,7.6,7.53,7.57,7.57,7.7,7.71,7.64,7.61,7.61,7.51,7.54,7.52,7.53,7.53,7.7,7.63,7.56,7.49,7.53,7.34,7.39,7.34,7.37,7.36,7.36,7.4,7.36,7.4,7.41,7.42,7.47,7.45,7.45,7.44,7.54,7.55,7.75,7.71,7.81,7.67,7.71,7.63,7.6,7.6,7.67,7.65,7.66,7.71,7.89,7.91,7.76,7.74,7.5,7.47,7.41,7.31,7.32,7.29,7.24,7.3,7.28,7.24,7.19,7.19,7.38,7.41,7.44,7.38,7.38,7.38,7.38,7.4,7.49,7.64,7.59,7.64,7.61,7.64,7.61,7.6658,7.6698,7.7186,7.5967,7.5642,7.5439,7.5561,7.6089,7.678,7.7064,7.6658,7.7714,7.7755,7.7267,7.8811,7.8851,7.8811,7.8729,7.8933,7.8851,7.8973,7.8567,7.85,7.7226,7.742999999999999,7.82,7.84,7.74,7.68,7.73,7.76,7.72,7.74,7.64,7.62,7.62,7.52,7.57,7.63,7.76,7.71,7.76,7.73,7.79,7.75,7.73,7.67,7.68,7.73,7.74,7.69,7.65,7.67,7.56,7.5,7.47,7.64,7.68,7.7,7.76,7.71,7.57,7.53,7.49,7.42,7.44,7.44,7.44,7.53,7.62,8.05,8.18,8.11,7.99,8.02,8.13,8.27,8.64,8.67,9.0851,8.9624,8.8753,8.9426,8.7724,8.7011,8.6813,8.9149,9.002,9.0693,9.0416,8.902999999999999,8.432,8.2855,8.238,8.3765,8.3449,8.4359,8.998,9.1168,9.1208,9.6433,9.4216,9.5602,9.4652,9.3108,9.1049,9.4612,9.485,9.2078,9.2078,9.5325,9.6354,9.8571,9.9679,9.9402,9.7066,9.9837,9.9758,9.7937,10.1777,9.7394,9.7127,9.8806,9.8348,9.7547,9.9721,10.1552,9.8767,9.7356,9.9111,9.8615,9.7432,9.5906,9.3427,9.4609,9.7394,9.6021,9.5601,9.6974,9.6517,9.8767,10.1171,10.1819,10.5024,10.3918,10.3536,10.3612,10.2048,10.2086,10.2849,10.4299,10.2544,10.0522,10.0637,9.9874,10.0866,9.9836,9.8653,9.9073,9.8272,9.9836,9.8767,9.9416,9.8996,9.8462,9.8081,9.6898,9.6135,9.747,9.9492,9.9645,9.934,10.0599,9.995,10.2506,10.3116,10.3422,10.3383,10.2125,10.1095,10.1552,10.2239,10.1285,10.7198,10.1952,9.9421,9.8687,9.9091,9.9274,9.7623,9.9164,9.9384,9.9311,9.9311,10.1512,10.2796,10.2282,10.3089,10.7785,11.2004,11.1381,11.3362,11.005999999999998,11.039000000000001,10.962,10.7088,10.8446,10.6354,10.495999999999999,10.5364,10.8189,10.6134,10.364,10.463,10.6134,10.4007,10.4924,10.5034,10.2943,10.3933,10.7712,10.8115,10.8739,10.7455,10.7455,10.8996,10.5511,10.5034,10.6465
601166.XSHG,6.56,6.5,6.25,6.34,6.38,6.22,6.26,6.01,6.01,5.98,5.97,5.87,5.82,5.9,5.76,5.69,5.72,5.72,5.5,5.52,5.43,5.5,5.44,5.5,5.43,5.47,5.49,5.43,5.54,5.55,5.53,5.4758,5.61,5.53,5.55,5.37,5.42,5.4,5.4,5.56,5.61,5.86,5.76,5.83,5.85,5.72,5.77,5.71,5.85,5.98,5.87,5.87,5.91,5.9,5.9,5.85,5.89,5.84,5.82,5.93,5.91,5.94,5.96,5.92,5.88,5.86,5.94,5.94,5.96,5.96,6.03,6.04,6.04,6.04,6.11,6.14,6.13,6.15,6.15,6.03,6.01,6.02,6.03,6.03,5.97,5.89,5.84,5.86,5.93,5.94,5.93,5.91,5.99,5.97,5.97,5.94,5.86,5.89,5.89,5.88,5.92,6.04,6.02,5.99,6.02,5.74,5.74,5.74,5.7,5.72,5.73,5.73,5.75,5.77,5.75,5.77,5.72,5.68,5.68,5.68,5.71,5.68,5.72,5.77,5.75,5.71,5.7,5.68,5.67,5.73,5.77,5.74,5.79,5.81,5.76,5.77,5.81,5.76,5.76,5.76,5.76,5.76,5.76,5.82,5.77,5.76,5.73,5.78,5.8,5.83,5.86,5.9,6.03,6.12,6.02,5.99,5.97,5.98,5.96,6.0,5.99,5.95,5.94,5.94,5.9,5.9,5.89,5.89,5.89,5.85,5.87,5.88,5.86,5.79,5.8,5.77,5.82,5.84,5.82,5.87,5.87,5.84,5.88,5.87,5.87,5.86,5.88,5.89,5.87,5.88,5.91,5.87,5.9,5.9,5.92,5.96,5.99,5.97,5.94,5.95,5.97,5.87,5.92,5.9,5.93,5.88,5.86,5.9,5.82,5.88,5.86,5.86,5.85,5.86,5.85,5.84,5.88,5.91,6.0,5.99,6.08,6.06,6.1,6.06,6.08,6.07,6.08,6.08,6.06,6.09,6.19,6.22,6.14,6.18,5.97,5.93,5.91,5.83,5.85,5.81,5.77,5.79,5.77,5.76,5.75,5.75,5.84,5.87,5.87,5.82,5.84,5.83,5.81,5.8,5.85,5.95,5.91,5.99,5.99,6.04,6.02,6.09,6.09,6.14,6.02,6.01,5.99,6.0,6.0,6.03,6.07,6.02,6.04,6.04,6.0,6.08,6.09,6.07,6.07,6.08,6.05,6.02,5.99,5.93,5.93,5.9458,5.97,5.9458,5.9,5.9,5.95,5.94,5.94,5.96,5.89,5.84,5.82,5.79,5.82,5.82,5.83,5.8,5.78,5.79,5.83,5.88,5.87,5.88,5.85,6.35,6.28,6.24,6.2,6.21,6.1,6.0,5.97,6.02,6.02,6.03,6.03,6.06,6.06,5.84,5.83,5.8,5.81,5.82,5.83,5.83,5.88,6.02,6.0,5.99,5.94,5.9,5.89,5.93,6.02,6.05,6.2617,6.2352,6.2541,6.2654,6.2088,6.1521,6.1483,6.2125,6.2314,6.2806,6.2806,6.2503,6.016,5.9707,5.9669,6.0122,6.0009,6.0236,6.1181,6.1596,6.1861,6.2239,6.3561,6.3826,6.3712,6.3788,6.3146,6.3901,6.4657,6.4582,6.4695,6.5791,6.6584,6.734,6.7643,6.8625,6.8134,6.8398,6.8285,6.7378,6.8020000000000005,6.7869,6.7,6.7113,6.7529,6.7113,6.8247,6.8323,6.7038,6.6433,6.6018,6.5829,6.5186,6.5413,6.4808,6.443,6.5111,6.443,6.4695,6.4582,6.4582,6.5224,6.6055,6.5904,6.7869,6.7831,6.8814,6.6095,6.5464,6.4982,6.5761,6.565,6.5316,6.4648,6.4722,6.4685,6.4685,6.4388,6.4426,6.4463,6.4611,6.4574,6.4277,6.4388,6.4611,6.5242,6.5093,6.4463,6.4314,6.4129,6.4759,6.602,6.565,6.5872,6.602,6.6911,6.6391,6.6762,6.6874,6.6317,6.5464,6.5909,6.5687,6.4908,6.565,6.4344,6.3543,6.2851,6.2851,6.2778,6.1393,6.2231,6.245,6.2122,6.1757,6.2377,6.1721,6.1721,6.1393,6.3251,6.398,6.4636,6.5583,6.4891,6.5073,6.5,6.4199,6.3761,6.3725,6.3579,6.3689,6.4854,6.398,6.3324,6.2887,6.3106,6.2523,6.296,6.2668,6.2013,6.2158,6.2632,6.245,6.2377,6.2085,6.2013,6.2523,6.2122,6.1721,6.1903
601288.XSHG,5.82,5.82,5.62,5.69,5.73,5.6,5.69,5.57,5.64,5.62,5.62,5.53,5.53,5.6,5.6,5.57,5.6,5.59,5.32,5.32,5.24,5.39,5.3,5.33,5.26,5.28,5.26,5.21,5.3,5.35,5.35,5.3162,5.41,5.37,5.37,5.26,5.33,5.39,5.39,5.5,5.55,5.77,5.73,5.73,5.78,5.68,5.75,5.75,5.75,5.86,5.78,5.8,5.78,5.73,5.73,5.69,5.69,5.68,5.68,5.77,5.77,5.76,5.77,5.72,5.68,5.68,5.7,5.68,5.74,5.74,5.72,5.68,5.68,5.65,5.59,5.63,5.63,5.63,5.61,5.63,5.59,5.63,5.61,5.61,5.56,5.5,5.5,5.5,5.47,5.47,5.49,5.49,5.49,5.5,5.52,5.54,5.54,5.56,5.56,5.56,5.61,5.72,5.67,5.67,5.72,5.7,5.68,5.7,5.65,5.67,5.67,5.67,5.68,5.7,5.68,5.68,5.7,5.68,5.68,5.68,5.7,5.74,5.77,5.86,5.86,5.88,5.56,5.5,5.52,5.61,5.65,5.59,5.59,5.59,5.56,5.54,5.56,5.54,5.56,5.59,5.59,5.56,5.58,5.59,5.59,5.58,5.59,5.59,5.59,5.61,5.63,5.67,5.76,5.83,5.74,5.7,5.7,5.7,5.74,5.76,5.76,5.77,5.74,5.69,5.75,5.75,5.69,5.71,5.71,5.73,5.73,5.73,5.71,5.62,5.64,5.57,5.59,5.59,5.6,5.62,5.64,5.59,5.64,5.6,5.62,5.6,5.64,5.62,5.62,5.62,5.62,5.6,5.62,5.62,5.62,5.62,5.68,5.69,5.66,5.64,5.68,5.65,5.67,5.65,5.64,5.64,5.65,5.69,5.64,5.67,5.67,5.67,5.65,5.65,5.65,5.67,5.69,5.71,5.74,5.71,5.76,5.76,5.78,5.74,5.76,5.76,5.8,5.81,5.8,5.8,5.85,5.83,5.74,5.74,5.67,5.64,5.62,5.58,5.6,5.6,5.58,5.6,5.56,5.55,5.53,5.53,5.58,5.58,5.6,5.6,5.6,5.6,5.58,5.58,5.58,5.65,5.64,5.64,5.65,5.65,5.67,5.69,5.71,5.74,5.69,5.69,5.67,5.69,5.69,5.73,5.76,5.76,5.89,5.89,5.83,5.83,5.8503,5.8503,5.87,5.8503,5.81,5.81,5.83,5.83,5.8,5.8,5.8,5.81,5.78,5.8,5.83,5.83,5.83,5.87,5.83,5.83,5.81,5.8,5.8,5.81,5.87,5.87,5.81,5.81,5.9,5.92,5.9,5.93,5.9,5.9,5.86,5.86,5.84,5.83,5.77,5.74,5.76,5.81,5.86,5.88,5.92,5.97,5.97,5.85,5.81,5.83,5.85,5.92,5.9,5.94,5.99,6.08,6.04,5.99,5.99,6.01,6.02,6.06,6.15,6.15,6.1109,6.1635,6.2162,6.2865,6.2689,6.0757,6.0933,6.1635,6.1635,6.146,6.1109,6.1284,6.1109,6.0406,6.0582,6.0231,6.0933,6.0933,6.146,6.1635,6.146,6.1284,6.0933,6.146,6.1811,6.1811,6.1811,6.1811,6.1987,6.2162,6.1987,6.2865,6.303999999999999,6.0933,6.1284,6.3216,6.2689,6.2513,6.303999999999999,6.3216,6.3391,6.4796,6.5674,6.5323,6.5323,6.5147,6.5674,6.6552,6.6025,6.6025,6.5499,6.5323,6.4094,6.3918,6.4094,6.3391,6.4094,6.3743,6.4094,6.3918,6.4094,6.4796,6.585,6.6552,6.8659,6.7781,6.8484,6.7606,6.5345,6.4132,6.4998,6.6732,6.6732,6.6385,6.5865,6.6212,6.6558,6.6212,6.5692,6.5172,6.4132,6.4478,6.4305,6.5345,6.5692,6.6732,6.6732,6.6212,6.6558,6.6212,6.5692,6.5518,6.6558,6.5865,6.5172,6.5865,6.5172,6.6212,6.6732,6.6385,6.5518,6.5865,6.5345,6.4132,6.4478,6.4825,6.4007,6.3836,6.3665,6.3665,6.297999999999999,6.3494,6.3494,6.297999999999999,6.2124,6.2296,6.1782,6.1782,6.1098,6.2638,6.2809,6.2638,6.5034,6.4863,6.5034,6.5034,6.4178,6.4178,6.4007,6.4007,6.4007,6.5205,6.5034,6.4692,6.4007,6.3836,6.3322,6.3494,6.3494,6.2809,6.2809,6.3494,6.3494,6.3322,6.2809,6.297999999999999,6.4349,6.4178,6.4692,6.5547
601318.XSHG,11.7,11.78,11.14,11.29,11.3,11.05,11.11,10.48,10.54,10.47,10.47,10.21,10.17,10.31,9.99,9.87,9.89,9.9,9.56,9.56,9.59,9.88,9.66,9.81,9.7,9.72,9.7,9.63,9.86,9.83,9.79,9.7899,10.13,9.98,9.95,9.48,9.52,9.49,9.57,9.88,9.94,10.32,10.16,10.24,10.27,10.06,10.16,10.18,10.26,10.84,10.79,10.83,11.07,10.83,10.88,10.72,10.81,10.61,10.54,10.79,10.73,10.77,10.79,10.7,10.58,10.51,10.63,10.64,10.76,10.8,10.79,10.72,10.77,10.86,10.87,10.93,10.9,10.92,10.73,10.71,10.66,10.62,10.62,10.63,10.45,10.37,10.38,10.4,10.55,10.55,10.52,10.48,10.58,10.59,10.59,10.59,10.53,10.52,10.52,10.51,10.62,10.89,10.74,10.72,10.76,10.68,10.69,10.7,10.58,10.64,10.64,10.64,10.64,10.69,10.67,10.67,10.65,10.5,10.54,10.6,10.7,10.66,10.71,10.79,10.67,10.64,10.63,10.57,10.58,10.78,10.8,10.81,10.84,10.88,10.77,10.75,10.83,10.75,10.75,10.82,10.91,10.8,10.77,10.74,10.74,10.71,10.7,10.71,10.74,10.83,10.83,10.91,11.14,11.5,11.29,11.3,10.43,10.46,10.44,10.56,10.4,10.33,10.33,10.38,10.37,10.37,10.41,10.56,10.53,10.65,10.67,10.72,10.74,10.64,10.52,10.39,10.6,10.56,10.51,10.61,10.57,10.42,10.41,10.34,10.36,10.35,10.48,10.42,10.39,10.34,10.34,10.28,10.36,10.34,10.34,10.37,10.45,10.47,10.43,10.36,10.11,10.13,10.27,10.13,10.24,10.23,10.24,10.25,10.16,10.23,10.24,10.23,10.24,10.25,10.25,10.25,10.51,10.58,10.53,10.66,10.77,10.72,10.77,10.64,10.66,10.62,10.62,10.59,10.68,10.69,10.79,10.8,10.73,10.84,10.42,10.39,10.36,10.15,10.17,10.18,10.17,10.28,10.32,10.33,10.29,10.29,10.45,10.44,10.46,10.38,10.37,10.31,10.31,10.31,10.41,10.6,10.53,10.6,10.56,10.62,10.6,10.59,10.67,10.69,10.43,10.52,10.56,10.5462,10.57,10.6,10.63,10.57,10.63,10.63,10.62,10.78,10.77,10.78,10.69,10.7,10.63,10.61,10.59,10.5,10.5,10.49,10.53,10.49,10.48,10.42,10.53,10.52,10.53,10.56,10.47,10.49,10.62,10.54,10.71,10.71,10.76,10.76,10.78,10.77,10.84,10.87,10.83,10.72,10.68,10.6,10.55,10.52,10.52,10.55,10.46,10.4,10.49,10.57,10.6,10.69,10.99,11.08,10.72,10.7,10.73,10.68,10.52,10.67,10.73,11.25,11.23,11.56,11.55,11.6,11.41,11.47,11.58,12.1,12.19,12.15,12.8433,12.7558,12.7248,12.9789,12.6937,12.6118,12.9958,12.9817,13.4447,13.5915,13.8146,13.6762,13.329,13.0382,13.185,13.7101,13.5802,13.9557,13.8739,14.0376,14.0376,14.0941,13.7242,14.1054,14.0066,13.8174,13.5294,14.2353,14.5091,14.4018,14.4357,14.4639,14.2889,14.5769,14.8987,15.2178,15.0964,15.2008,15.2488,14.67,14.8536,14.7689,14.6503,14.783,14.6503,14.687000000000001,15.485999999999999,15.2573,14.9411,14.6644,14.7717,14.8084,14.6983,14.3228,13.9981,14.255,14.3708,14.4583,14.4272,14.9429,14.9035,15.5134,15.5696,15.4909,15.6905,15.7944,16.0361,15.8535,15.7467,15.786,15.4994,15.8197,15.5696,15.4319,15.4628,15.1733,15.4038,15.4769,15.1818,15.0019,14.9794,15.0244,14.9176,15.1256,15.1874,15.2211,15.2464,15.0637,15.1031,15.2211,15.3897,15.4347,15.5443,16.0502,16.0418,16.0671,16.2835,16.5757,16.7472,16.587,16.8287,16.9186,16.8849,17.253,17.9669,16.2184,16.2943,16.2336,16.2386,16.3171,16.2057,16.55,16.3576,16.7931,17.6944,17.7602,17.8286,17.5197,18.4843,19.0565,19.1679,19.859,19.6084,18.816,18.8919,18.621,18.4134,18.3349,17.702,17.2412,17.5678,18.0261,17.5703,17.3779,18.0995,18.5451,18.0286,18.259,17.977999999999998,17.8185,17.8919,18.6286,18.7198,18.9653,18.74,18.7755,18.7198,17.8109,17.8716,17.7172
601328.XSHG,7.23,7.21,6.79,6.89,6.95,6.65,6.75,6.49,6.5,6.43,6.45,6.22,6.18,6.3,6.21,6.13,6.18,6.18,5.85,5.87,5.84,5.99,5.82,5.87,5.78,5.83,5.82,5.76,5.91,5.91,5.9,5.9081,6.03,5.95,5.95,5.68,5.77,5.78,5.8,5.94,5.96,6.19,6.15,6.18,6.19,6.04,6.14,6.14,6.3,6.46,6.4,6.33,6.32,6.28,6.25,6.17,6.17,6.15,6.11,6.23,6.22,6.28,6.31,6.25,6.17,6.16,6.21,6.16,6.22,6.24,6.24,6.16,6.16,6.16,6.07,6.07,6.03,6.05,6.02,6.05,6.0,6.06,6.05,6.04,5.96,5.89,5.85,5.87,5.85,5.84,5.86,5.85,5.89,5.83,5.86,5.86,5.84,5.86,5.87,5.9,6.0,6.16,6.13,6.11,6.19,6.18,6.19,6.18,6.1,6.13,6.15,6.12,6.19,6.19,6.19,6.21,6.23,6.16,6.2,6.21,6.25,6.28,6.31,6.39,6.41,6.41,6.51,6.48,6.46,6.55,6.29,6.24,6.26,6.34,6.3,6.26,6.28,6.21,6.23,6.25,6.33,6.26,6.26,6.3,6.3,6.25,6.22,6.25,6.26,6.28,6.3,6.35,6.51,6.65,6.55,6.55,6.48,6.44,6.46,6.49,6.49,6.48,6.46,6.41,6.46,6.44,6.42,6.4,6.43,6.36,6.38,6.36,6.33,6.23,6.2,6.12,6.12,6.11,6.14,6.16,6.19,6.11,6.13,6.11,6.15,6.14,6.22,6.19,6.16,6.14,6.15,6.14,6.19,6.19,6.21,6.24,6.3,6.3,6.25,6.25,6.28,6.22,6.27,6.23,6.28,6.27,6.25,6.29,6.19,6.28,6.3,6.3,6.31,6.31,6.3,6.3,6.37,6.42,6.49,6.49,6.53,6.49,6.51,6.49,6.49,6.47,6.51,6.49,6.48,6.53,6.81,6.84,6.73,6.74,6.46,6.42,6.41,6.36,6.43,6.43,6.4,6.41,6.39,6.38,6.36,6.36,6.43,6.44,6.42,6.4,6.41,6.41,6.41,6.41,6.47,6.56,6.53,6.57,6.58,6.61,6.57,6.62,6.62,6.67,6.61,6.62,6.59,6.6,6.65,6.68,6.71,6.71,6.79,6.82,6.78,6.91,6.98,7.03,7.0536,6.95,6.93,6.9,6.98,6.98,6.91,6.84,6.89,6.9,6.84,6.82,6.89,6.89,6.87,6.87,6.82,6.83,6.81,6.69,6.72,6.75,6.84,6.84,6.8,6.78,6.88,6.89,6.88,6.91,6.86,6.81,6.78,6.76,6.75,6.76,6.64,6.6,6.52,6.57,6.6,6.63,6.64,6.65,6.65,6.55,6.52,6.52,6.53,6.59,6.55,6.53,6.54,6.68,6.65,6.59,6.55,6.52,6.52,6.55,6.64,6.63,6.7475,6.7915,6.8245,6.8795,6.8465,6.7254,6.7364,6.7475,6.7254,6.7364,6.6704,6.6814,6.6814,6.6594,6.6594,6.6814,6.7034,6.7364,6.7695,6.7915,6.7034,6.7254,6.7585,6.7695,6.7805,6.8135,6.8135,6.8245,6.8135,6.4943,6.5053,6.5934,6.6484,6.7475,6.8135,7.0116,7.0006,7.0336,7.0116,6.9786,7.0006,7.0997,7.1437,7.0997,7.0777,7.0447,7.0997,7.2428,7.1657,7.1217,7.1217,7.0777,6.9566,6.9126,6.9236,6.8575,6.9126,6.8575,6.8905,6.8685,6.8575,6.8685,6.9346,6.9016,7.1744,7.2611,7.2178,7.2069,7.1311,7.0444,7.0769,7.1311,7.0877,7.066,7.0118,7.0227,7.0444,6.9902,6.9035,6.8818,6.8493,6.8601,6.8168,6.871,6.8818,6.936,6.9251,6.871,6.8601,6.8493,6.8493,6.9143,6.9143,6.8493,6.8384,6.8818,6.8276,6.8818,6.9251,6.8926,6.8493,6.8818,6.8493,6.7734,6.8059,6.7325,6.6895,6.6357,6.6464,6.667999999999999,6.6249,6.6787,6.6895,6.6357,6.5712,6.5927,6.5389,6.5281,6.5066,6.6895,6.6787,6.711,6.8508,6.84,6.8508,6.8615,6.8078,6.7755,6.7863,6.797000000000001,6.8078,6.9583,6.9153,6.9153,6.84,6.8078,6.7755,6.7863,6.754,6.6464,6.6357,6.711,6.7217,6.6895,6.6787,6.667999999999999,6.7002,6.6895,6.6249,6.6787
601398.XSHG,5.93,5.89,5.72,5.75,5.8,5.7,5.74,5.56,5.56,5.53,5.54,5.44,5.39,5.47,5.43,5.38,5.43,5.44,5.25,5.29,5.21,5.27,5.18,5.21,5.16,5.17,5.16,5.11,5.21,5.2,5.22,5.1704,5.25,5.21,5.21,5.16,5.17,5.18,5.18,5.29,5.31,5.54,5.52,5.57,5.67,5.56,5.58,5.53,5.48,5.56,5.52,5.53,5.53,5.51,5.52,5.47,5.5,5.52,5.46,5.55,5.52,5.53,5.56,5.52,5.48,5.48,5.52,5.5,5.56,5.54,5.53,5.52,5.52,5.52,5.53,5.5,5.49,5.5,5.5,5.5,5.47,5.5,5.48,5.5,5.44,5.35,5.34,5.38,5.37,5.42,5.46,5.46,5.44,5.44,5.46,5.47,5.47,5.47,5.5,5.51,5.52,5.6,5.57,5.57,5.61,5.62,5.65,5.64,5.61,5.65,5.64,5.61,5.61,5.64,5.66,5.7,5.7,5.65,5.68,5.68,5.68,5.7,5.74,5.83,5.84,5.86,5.89,5.51,5.48,5.57,5.59,5.53,5.55,5.57,5.52,5.5,5.5,5.5,5.51,5.53,5.53,5.51,5.52,5.56,5.57,5.56,5.56,5.56,5.57,5.61,5.62,5.68,5.78,5.88,5.7,5.7,5.69,5.7,5.74,5.8,5.8,5.8,5.78,5.77,5.79,5.8,5.79,5.8,5.8,5.71,5.74,5.75,5.74,5.7,5.67,5.6,5.63,5.63,5.65,5.69,5.69,5.65,5.69,5.67,5.69,5.67,5.71,5.7,5.67,5.66,5.66,5.61,5.65,5.65,5.62,5.65,5.67,5.7,5.66,5.66,5.69,5.68,5.69,5.66,5.66,5.65,5.65,5.69,5.64,5.68,5.65,5.64,5.64,5.64,5.62,5.62,5.66,5.68,5.7,5.69,5.77,5.83,5.86,5.79,5.79,5.79,5.84,5.82,5.8,5.82,5.88,5.93,5.84,5.86,5.71,5.68,5.69,5.65,5.66,5.64,5.64,5.65,5.62,5.6,5.61,5.61,5.68,5.68,5.69,5.69,5.71,5.71,5.73,5.73,5.75,5.83,5.8,5.8,5.8,5.79,5.8,5.83,5.84,5.89,5.84,5.84,5.83,5.84,5.86,5.88,5.92,5.92,6.0,6.0,5.9452,5.98,6.0,6.02,6.03,6.02,6.01,6.01,6.0,5.98,5.96,5.9452,6.0,6.01,6.02,6.03,6.06,6.1,6.09,6.02,6.01,6.03,6.03,5.97,5.98,6.01,6.09,6.09,6.12,6.16,6.2,6.21,6.19,6.23,6.19,6.15,6.21,6.16,6.16,6.19,6.14,6.07,6.06,6.16,6.17,6.16,6.24,6.25,6.25,6.15,6.14,6.14,6.2,6.25,6.22,6.25,6.29,6.46,6.51,6.38,6.33,6.38,6.36,6.42,6.51,6.52,6.5852,6.6745,6.7001,6.7766,6.7639,6.5597,6.5597,6.5852,6.5852,6.5852,6.5724,6.5724,6.5724,6.4448,6.4321,6.381,6.4321,6.4448,6.5086,6.5597,6.5214,6.4959,6.4703,6.6107,6.7001,6.6873,6.7001,6.6745,6.6745,6.649,6.6745,6.4576,6.4831,6.5852,6.598,6.8149,6.7383,6.7256,6.7511,6.8022,6.8787,6.9936,7.1467,7.0574,7.0829,7.0319,7.0957,7.2744,7.2233,7.2361,7.2233,7.2488,7.0702,7.0446,7.0829,7.0063,7.1595,7.185,7.1723,7.1723,7.185,7.2616,7.4658,7.5551,7.8614,7.721,7.7593,7.6189,7.4825,7.343,7.4572,7.546,7.4825,7.4572,7.4825,7.4699,7.5206,7.5206,7.4572,7.3177,7.305,7.3304,7.343,7.546,7.584,7.7489,7.6981,7.6347,7.6728,7.6094,7.7362,7.7869,7.8629999999999995,7.8757,7.7869,7.8757,7.7996,7.9645,8.0406,7.9137,7.8503,7.9011,7.8123,7.6728,7.8503,7.9264,7.6699,7.6573,7.6573,7.6699,7.607,7.6322,7.5945,7.4687,7.3178,7.4939,7.431,7.431,7.3556,7.5819,7.6825,7.695,7.8334,7.695,7.6322,7.519,7.4436,7.4436,7.4436,7.4059,7.4059,7.5442,7.5064,7.4184,7.3933,7.4059,7.343,7.4184,7.4059,7.3556,7.4436,7.519,7.5064,7.4939,7.4436,7.5442,7.6447,7.607,7.7202,7.7956
601939.XSHG,6.32,6.31,6.11,6.09,6.16,5.99,6.05,5.78,5.75,5.67,5.69,5.55,5.5,5.62,5.55,5.49,5.51,5.53,5.31,5.27,5.18,5.25,5.13,5.16,5.11,5.14,5.12,5.04,5.16,5.16,5.15,5.1183,5.22,5.16,5.16,4.99,5.04,4.94,4.99,5.13,5.14,5.28,5.25,5.23,5.21,5.19,5.19,5.24,5.25,5.3,5.31,5.3,5.35,5.34,5.33,5.27,5.28,5.26,5.25,5.35,5.31,5.3,5.31,5.29,5.24,5.22,5.26,5.24,5.28,5.29,5.29,5.24,5.24,5.15,5.14,5.15,5.14,5.15,5.13,5.15,5.14,5.17,5.15,5.17,5.12,5.07,5.12,5.13,5.12,5.12,5.13,5.12,5.12,5.13,5.14,5.17,5.18,5.19,5.21,5.22,5.24,5.33,5.31,5.31,5.35,5.38,5.4,5.36,5.31,5.36,5.35,5.34,5.35,5.37,5.39,5.42,5.47,5.41,5.45,5.46,5.47,5.18,5.19,5.24,5.25,5.25,5.25,5.18,5.24,5.4,5.52,5.47,5.55,5.65,5.6,5.51,5.53,5.48,5.49,5.54,5.51,5.49,5.52,5.55,5.55,5.52,5.49,5.51,5.54,5.57,5.58,5.66,5.84,5.96,5.82,5.77,5.74,5.75,5.77,5.83,5.81,5.82,5.74,5.7,5.73,5.74,5.77,5.77,5.78,5.77,5.75,5.75,5.73,5.62,5.63,5.58,5.63,5.61,5.63,5.67,5.69,5.62,5.65,5.61,5.63,5.64,5.67,5.67,5.64,5.62,5.62,5.6,5.63,5.64,5.64,5.66,5.75,5.76,5.72,5.69,5.71,5.71,5.74,5.71,5.74,5.7,5.7,5.75,5.72,5.76,5.77,5.78,5.76,5.76,5.76,5.74,5.77,5.82,5.86,5.85,6.03,6.07,6.11,6.04,6.07,6.13,6.13,6.08,6.02,6.04,6.22,6.2,6.09,6.09,5.87,5.84,5.85,5.78,5.83,5.8,5.78,5.82,5.82,5.83,5.89,5.89,5.96,5.96,5.96,5.92,5.93,5.93,5.93,5.96,6.01,6.09,6.1,6.1,6.1,6.09,6.0543,6.13,6.16,6.24,6.17,6.14,6.13,6.13,6.16,6.21,6.26,6.28,6.42,6.44,6.36,6.49,6.44,6.48,6.48,6.46,6.4,6.42,6.39,6.41,6.38,6.38,6.44,6.39,6.37,6.38,6.43,6.43,6.43,6.42,6.39,6.38,6.39,6.29,6.34,6.34,6.42,6.41,6.43,6.41,6.42,6.49,6.48,6.5,6.44,6.37,6.44,6.39,6.35,6.36,6.3,6.22,6.22,6.39,6.37,6.41,6.46,6.44,6.4,6.33,6.3,6.31,6.36,6.35,6.35,6.36,6.42,6.6,6.58,6.54,6.48,6.5,6.48,6.54,6.64,6.63,6.7235,6.8198,6.8198,6.8627,6.7984,6.5843,6.6057,6.6164,6.6164,6.6485,6.6807,6.7128,6.6914,6.595,6.5522,6.5629,6.6057,6.6271,6.7128,6.7663,6.7556,6.8091,6.852,6.8948,6.5843,6.5736,6.5415,6.5201,6.5201,6.5415,6.5094,6.6378,6.7128,6.7449,6.7663,6.9804,6.8627,6.8948,6.9376,6.9055,6.9269,7.1303,7.2374,7.1731,7.2909,7.216,7.2802,7.3766,7.3444,7.3444,7.3229999999999995,7.3659,7.1731,7.1303,7.0768,7.0768,7.2909,7.2374,7.2374,7.2053,7.2374,7.2588,7.3873,7.4408,7.6228,7.5693,7.6121,7.5265,7.3928,7.2447,7.2765,7.4668,7.4245,7.414,7.414,7.3822,7.3822,7.3611,7.2342,7.212999999999999,7.1178,7.1707,7.1813,7.3399,7.4034,7.4986,7.4563,7.3611,7.3822,7.3716,7.4245,7.4774,7.5091,7.4774,7.4351,7.5409,7.4879999999999995,7.6572,7.7101,7.6149,7.5303,7.5726,7.5091,7.4034,7.4731,7.5882,7.494,7.3894,7.3998,7.358,7.2742,7.3266,7.337000000000001,7.2638,7.1172,7.1591,7.1591,7.1591,7.0963,7.3161,7.4522,7.4522,7.7138,7.672000000000001,7.6406,7.5254,7.4312,7.4731,7.4731,7.3056,7.3266,7.4836,7.4731,7.3684,7.3161,7.3266,7.2533,7.358,7.3056,7.2952,7.4208,7.5882,7.6092,7.5778,7.5673,7.7452,7.8918,7.8499,7.9022,8.0383
601988.XSHG,6.98,6.94,6.7,6.68,6.74,6.56,6.58,6.32,6.29,6.2,6.22,6.03,5.99,6.11,6.01,5.94,5.97,5.96,5.61,5.58,5.47,5.58,5.49,5.54,5.49,5.52,5.51,5.42,5.59,5.61,5.59,5.5758,5.7,5.61,5.61,5.4,5.45,5.49,5.54,5.65,5.68,5.89,5.87,5.89,5.94,5.8,5.89,5.89,5.85,5.96,5.94,5.94,5.94,5.89,5.87,5.8,5.82,5.8,5.78,5.89,5.86,5.88,5.91,5.89,5.82,5.79,5.84,5.84,5.89,5.89,5.89,5.84,5.82,5.79,5.76,5.77,5.77,5.79,5.75,5.78,5.75,5.78,5.78,5.78,5.71,5.63,5.61,5.61,5.57,5.57,5.57,5.56,5.56,5.54,5.56,5.59,5.56,5.54,5.54,5.56,5.61,5.76,5.73,5.71,5.73,5.73,5.75,5.76,5.66,5.69,5.69,5.66,5.68,5.69,5.73,5.76,5.78,5.42,5.45,5.44,5.47,5.51,5.52,5.57,5.57,5.57,5.59,5.54,5.57,5.66,5.73,5.69,5.71,5.73,5.69,5.66,5.66,5.66,5.71,5.76,5.73,5.71,5.73,5.75,5.76,5.73,5.69,5.71,5.73,5.76,5.75,5.83,6.0,6.11,5.92,5.9,5.87,5.88,5.92,5.93,5.93,5.93,5.92,5.88,5.92,5.9,5.92,5.9,5.88,5.88,5.87,5.87,5.85,5.75,5.75,5.68,5.7,5.68,5.75,5.76,5.78,5.73,5.75,5.71,5.73,5.73,5.78,5.78,5.76,5.75,5.75,5.71,5.76,5.75,5.76,5.78,5.83,5.85,5.8,5.73,5.77,5.73,5.75,5.71,5.71,5.7,5.68,5.71,5.68,5.71,5.71,5.75,5.73,5.73,5.73,5.71,5.77,5.8,5.83,5.83,5.9,5.99,6.02,5.93,5.95,5.93,5.93,5.92,5.92,5.95,6.07,6.15,6.05,6.07,5.88,5.85,5.85,5.78,5.85,5.83,5.8,5.82,5.77,5.78,5.78,5.78,5.87,5.87,5.8501,5.82,5.82,5.8,5.8,5.8,5.8501,5.92,5.92,5.93,5.95,5.95,5.93,5.99,5.99,6.053,6.0,6.0,5.99,6.0,6.04,6.09,6.14,6.12,6.21,6.24,6.14,6.24,6.27,6.29,6.31,6.29,6.24,6.22,6.21,6.21,6.17,6.14,6.15,6.15,6.15,6.14,6.21,6.19,6.19,6.22,6.17,6.21,6.17,6.09,6.09,6.14,6.17,6.15,6.17,6.19,6.26,6.58,6.55,6.51,6.49,6.48,6.48,6.49,6.46,6.44,6.39,6.31,6.28,6.33,6.39,6.39,6.4,6.42,6.42,6.37,6.31,6.31,6.33,6.38,6.38,6.4,6.47,6.56,6.55,6.49,6.47,6.46,6.46,6.49,6.58,6.55,6.6171,6.6171,6.6708,6.6887,6.6529,6.492000000000001,6.5098,6.5635,6.5635,6.5456,6.5098,6.5098,6.492000000000001,6.4562,6.4741,6.4562,6.4741,6.4741,6.5277,6.5635,6.5456,6.5456,6.5635,6.5814,6.6171,6.5993,6.5814,6.5814,6.5635,6.5993,6.5993,6.6529,6.7066,6.8139,6.5814,6.7781,6.7244,6.7244,6.7781,6.7602,6.796,6.8854,6.9748,6.9212,6.9391,7.0106,7.0821,7.2431,7.261,7.2073,7.1716,7.2789,7.1179,7.1179,7.0642,6.9927,7.2252,7.2073,7.1894,7.1537,7.1358,7.1537,7.261,7.261,7.5292,7.565,7.726,7.6365,7.1064,7.056,7.0728,7.1736,7.1568,7.0896,7.056,7.056,7.056,7.0224,6.9216,6.8208,6.8208,6.8544,6.9384,6.9888,7.0392,7.1064,7.056,6.972,6.9552,6.9216,6.9216,6.9552,7.0056,6.9888,6.9552,6.972,6.9552,7.0056,7.0392,7.0056,6.9048,6.9216,6.8376,6.72,6.7704,6.803999999999999,6.6177,6.5673,6.5337,6.5169,6.5001,6.5673,6.6345,6.5841,6.5001,6.5337,6.5169,6.5001,6.4497,6.5841,6.6177,6.5841,6.7688,6.7185,6.7185,6.6345,6.5841,6.6009,6.6009,6.5841,6.5841,6.6849,6.6513,6.6177,6.5841,6.6009,6.5169,6.5505,6.5337,6.4833,6.4833,6.5337,6.5505,6.5505,6.5505,6.5841,6.6345,6.5841,6.6009,6.6681
601998.XSHG,8.28,8.17,7.65,7.65,7.74,7.23,7.39,7.36,7.38,7.1,7.15,6.82,6.82,7.01,6.88,6.95,7.24,7.17,6.72,6.63,6.44,6.57,6.46,6.58,6.5,6.59,6.53,6.42,6.64,6.69,6.66,6.67,6.87,6.71,6.75,6.63,6.61,6.37,6.4,6.65,6.69,7.04,6.97,7.01,6.97,6.82,6.85,6.89,7.02,7.04,7.1,7.1,7.21,7.3,7.23,7.13,7.11,7.01,7.01,7.23,7.22,7.24,7.26,7.18,7.09,7.1,7.17,7.13,7.28,7.28,7.3,7.17,7.12,7.0,7.0,7.03,6.99,7.0,6.98,6.97,6.93,7.05,7.05,7.05,6.87,6.63,6.59,6.65,6.58,6.51,6.57,6.52,6.54,6.5,6.53,6.53,6.47,6.48,6.48,6.54,6.6,6.85,6.83,6.77,6.76,6.72,6.74,6.72,6.51,6.58,6.63,6.58,6.57,6.56,6.58,6.61,6.66,6.6,6.61,6.61,6.73,6.7,6.7,6.77,6.79,6.78,6.8,6.76,6.76,6.89,7.04,7.11,7.16,7.39,7.29,7.24,7.25,7.24,6.91,6.97,7.0,6.93,7.08,7.11,7.03,6.97,6.96,7.04,7.09,7.16,7.15,7.36,7.59,7.88,7.77,7.68,7.65,7.59,7.61,7.55,7.46,7.49,7.39,7.29,7.32,7.37,7.36,7.3,7.31,7.28,7.23,7.22,7.11,6.95,6.9,6.81,6.82,6.86,6.89,6.9,6.92,6.81,6.86,6.83,6.89,6.94,6.97,6.96,6.93,6.93,6.92,6.92,7.0,7.03,7.06,7.08,7.15,7.16,7.07,7.02,7.0,6.94,6.97,6.82,6.88,6.93,6.92,7.07,7.01,7.12,7.24,7.34,7.26,7.24,7.26,7.23,7.38,7.56,7.88,7.89,7.93,8.0,7.92,7.69,7.71,7.69,7.69,7.64,7.64,7.94,8.23,8.18,8.04,8.01,7.62,7.69,7.58,7.39,7.5,7.49,7.44,7.46,7.36,7.24,7.28,7.28,7.72,7.72,7.77,7.77,7.82,7.66,7.62,7.8294,7.9587,8.0763,8.0175,8.0998,8.0763,8.135,8.135,8.1468,8.135,8.2056,8.0763,8.0175,7.994,8.0175,8.0527,8.0527,8.2056,8.135,8.2879,8.2879,8.1115,8.2879,8.3114,8.3231,8.2761,8.1703,8.1115,8.1115,8.135,8.0645,8.041,8.0175,8.02,8.02,7.95,7.88,7.95,8.02,7.95,7.96,7.9,7.82,7.85,7.7,7.83,7.88,7.91,7.81,7.76,7.79,7.89,7.95,7.91,7.93,7.83,7.88,7.84,7.77,7.65,7.52,7.35,7.25,7.21,7.34,7.25,7.28,7.04,7.02,7.04,6.99,6.92,6.87,6.83,6.87,6.89,6.89,6.99,7.18,7.1,7.09,7.03,6.94,6.95,6.89,7.03,7.01,7.2551,7.2317,7.2434,7.2434,7.1498,7.0913,7.1264,7.1498,7.1498,7.22,7.1732,7.1615,7.1381,7.1498,7.1498,7.1966,7.1615,7.1732,7.22,7.2668,7.3137,7.3488,7.3839,7.3722,7.3605,7.3254,7.2551,7.3137,7.2786,7.2668,7.2551,7.3956,7.5243,7.653,7.8168,8.2966,8.2264,8.1796,8.2732,8.203,7.9222,7.8870000000000005,7.8168,7.7817,7.8051,7.7817,7.8870000000000005,7.8870000000000005,7.6764,7.6062,7.6062,7.653,7.6179,7.5477,7.3839,7.3956,7.4892,7.3956,7.4541,7.3839,7.4307,7.419,7.5477,7.4073,7.6359,7.6824,7.7406,7.6126,7.601,7.5195,7.5893,7.6941,7.6242,7.5777,7.566,7.5195,7.5078,7.4846,7.4613,7.438,7.4496,7.4613,7.4496,7.4613,7.4264,7.3798,7.3914,7.3682,7.3449,7.3332,7.4147,7.4496,7.4496,7.4264,7.3798,7.4147,7.3914,7.438,7.438,7.438,7.3914,7.438,7.452999999999999,7.3828,7.4062,7.2775,7.2775,7.2073,7.1605,7.1722,7.1371,7.218999999999999,7.2424,7.2307,7.1605,7.2307,7.1254,7.1254,7.0318,7.1722,7.336,7.3945,7.6051,7.3945,7.4062,7.4179,7.3477,7.2892,7.4413,7.4764,7.5349,7.6168,7.4881,7.4881,7.4296,7.4413,7.3009,7.3243,7.2307,7.1605,7.1722,7.2424,7.2424,7.2307,7.2424,7.2073,7.2892,7.2541,7.2307,7.2541
